{"cameraMode":{"drawMode":0,"name":"Shaded","section":"Shading Mode"},"sceneLighting":false,"audioPlay":false,"sceneViewState":{"showFog":true,"showMaterialUpdate":true,"showSkybox":true,"showFlares":true,"showImageEffects":true,"showParticleSystems":true},"in2DMode":false,"pivot":{"x":0.476598858833313,"y":-0.10060160607099533,"z":0.36185476183891299},"rotation":{"x":-0.07860303670167923,"y":-0.022563386708498,"z":-0.010519430041313172,"w":-0.9965951442718506},"size":2.3334522247314455,"orthographic":false}