{"cameraMode":{"drawMode":0,"name":"Shaded","section":"Shading Mode"},"sceneLighting":false,"audioPlay":false,"sceneViewState":{"showFog":true,"showMaterialUpdate":true,"showSkybox":true,"showFlares":true,"showImageEffects":true,"showParticleSystems":true},"in2DMode":false,"pivot":{"x":0.05012863874435425,"y":-0.21758630871772767,"z":0.1202549934387207},"rotation":{"x":0.027869461104273797,"y":-0.957841694355011,"z":0.1687338501214981,"w":0.23084953427314759},"size":1.871093988418579,"orthographic":false}