{"cameraMode":{"drawMode":0,"name":"Shaded","section":"Shading Mode"},"sceneLighting":false,"audioPlay":false,"sceneViewState":{"showFog":true,"showMaterialUpdate":true,"showSkybox":true,"showFlares":true,"showImageEffects":true,"showParticleSystems":true},"in2DMode":false,"pivot":{"x":0.0008707642555236816,"y":0.0036278367042541506,"z":0.0},"rotation":{"x":0.0009004963794723153,"y":-0.012659088708460331,"z":-0.012270736508071423,"w":-0.9998441934585571},"size":0.860767126083374,"orthographic":false}